<?xml version="1.0"?>
<ruleset name="Laminas Coding Standard">
    <description>Laminas Coding Standard</description>

    <!-- display progress -->
    <arg value="p"/>
    <arg name="colors"/>
    <arg name="extensions" value="php,dist,phtml"/>

    <!-- inherit rules from: -->
    <rule ref="PSR12"/>
    <rule ref="Generic.Arrays.DisallowLongArraySyntax"/>
    <rule ref="Generic.Formatting.SpaceAfterNot"/>
    <rule ref="Squiz.WhiteSpace.OperatorSpacing">
        <properties>
            <property name="ignoreNewlines" value="true"/>
        </properties>
    </rule>
    <rule ref="Squiz.WhiteSpace.SuperfluousWhitespace">
        <properties>
            <property name="ignoreBlankLines" value="false"/>
        </properties>
    </rule>
    <rule ref="PSR1.Files.SideEffects">
        <exclude-pattern>public/index.php</exclude-pattern>
    </rule>

    <!-- view files adjustments -->
    <rule ref="Generic.Files.LineLength">
        <exclude-pattern>*.phtml</exclude-pattern>
    </rule>
    <rule ref="PSR12.Files.FileHeader">
        <exclude-pattern>*.phtml</exclude-pattern>
    </rule>

    <!-- Paths to check -->
    <file>config</file>
    <file>module</file>
    <file>public/index.php</file>
</ruleset>
